Task_ID,Messobjekt,Run_ID,Status,Gewaehltes_k,Finale_Kosten_J,cost_crlb,cost_move,cost_obs,cost_inter,k_Verlauf,Kosten_Verlauf,Rechenzeit_Verlauf_s,Rechenzeit_gesamt_s,w_move,w_obs,d_safe,d_crash,robot_types,N_Roboter,N_Drohnenposen,Gruppengroessen,Formationen
tpat_s3_S3_N6_wm1.0_wo1.0_tp5_eps0.0001_r01,Szenario_3_Final,1,abbruchkriterium,7,1244.801511661573,904.3217727727875,334.71784635113187,5.631439307370912,0.13045323028252445,"[1, 2, 3, 4, 5, 6, 7, 8]","[79062.02357345245, 2673.0278214339487, 1500.4347921463464, 1361.3475592553993, 1274.6332215965951, 1263.0963336037084, 1244.801511661573, 1284.1267664649076]","[84.2895, 112.4258, 161.0467, 169.2925, 71.0651, 151.7162, 137.8175, 206.4101]",1094.0634,1.0,1.0,1.0,0.15,AAAABB,6,76,"[12, 12, 8, 12, 8, 12, 12]","[[-5.0497, -5.8319, -9.944, -2.2279, -9.9381, -9.9389, -9.9431, -8.4086, -0.1636, -7.7966, -5.7904, 1.2315], [5.9071, -2.4237, 9.2672, 9.9457, 6.0059, -0.4229, 0.7432, 9.9192, 2.4875, 6.1779, 9.9488, 4.5695], [-3.406, 6.2515, -1.062, 7.7456, -1.8435, 3.7649, -1.0863, 0.557, 2.0459, 1.8127, 2.7406, 6.5652], [1.1408, -4.4713, -2.6531, -9.9437, -4.9352, -4.5475, -2.4043, -4.558, 3.0815, -9.9448, 6.8151, -3.6933], [7.3834, 7.5049, -6.2098, 7.0577, -7.1187, 7.7638, -2.2722, -0.9761, 3.4723, 9.9423, 2.3364, -1.3273], [1.6767, -8.1205, 5.6592, 1.4049, 2.3154, -7.3057, 4.4441, -4.8121, 9.9397, -9.3457, 9.9497, -1.5518], [-9.9485, 0.1351, 0.7901, 4.6273, -1.3165, 8.5077, -3.8466, 5.9939, -5.6471, -1.2504, -9.9483, 7.1145]]"
tpat_s3_S3_N6_wm1.0_wo1.0_tp20_eps0.0001_r01,Szenario_3_Final,1,abbruchkriterium,7,1243.255765960228,905.6564100017363,333.9003438070315,3.6803065710385208,0.018705580421551807,"[1, 2, 3, 4, 5, 6, 7, 8]","[372518.56514055916, 2404.379700234439, 1562.5268768250849, 1389.078439723874, 1297.0609756631302, 1271.1657711381529, 1243.255765960228, 1300.4081597455727]","[92.8512, 162.3404, 196.1855, 186.2934, 200.0868, 203.2448, 193.2852, 88.6244]",1322.9117,1.0,1.0,1.0,0.15,AAAABB,6,76,"[12, 12, 8, 12, 8, 12, 12]","[[-9.9494, -2.4345, -4.8907, -6.0737, 0.7919, -8.4265, -0.2101, -7.6014, -5.8116, 1.0691, -9.949, -9.2759], [-0.3812, 8.4629, 0.8084, 7.419, 5.65, -1.0128, 4.9179, 5.3764, 9.9437, 1.5819, 9.945, 9.9436], [0.9072, 8.1276, 1.5701, 1.4784, -1.9538, 3.2483, -0.8127, 0.6318, 2.9525, 5.6871, -2.9981, 6.5999], [1.8977, -9.9463, -2.8511, -9.9443, 2.1784, -4.6692, 4.9848, -9.9462, 7.5417, -3.2965, -3.6566, -4.5441], [-6.9913, 7.5699, -0.1399, 9.9461, -6.4812, 8.7908, 2.2523, -1.2454, -2.3415, -1.349, 6.7105, 7.0769], [-0.6934, -4.949, 3.7769, -5.7118, 9.948, -0.5558, 1.4173, -8.4129, 9.9448, -7.2659, 5.6991, 1.3171], [-9.9423, 9.4097, -5.1809, 6.3252, -1.709, 8.0064, 1.5905, 4.7426, -5.582, -1.7112, -9.9499, 1.7432]]"
tpat_s3_S3_N6_wm1.0_wo1.0_tp15_eps0.0001_r02,Szenario_3_Final,1,abbruchkriterium,7,1229.7341217373819,907.5911430151286,319.6895046008348,2.257941105348661,0.19553301606974915,"[1, 2, 3, 4, 5, 6, 7, 8]","[546086.7367750079, 2519.6200944170246, 1467.1961272785193, 1376.5766601415648, 1290.9776825760612, 1250.5972913593796, 1229.7341217373819, 1288.3445991177637]","[163.4511, 129.5234, 109.7984, 148.0468, 135.5302, 112.6141, 119.5847, 129.3332]",1047.8819,1.0,1.0,1.0,0.15,AAAABB,6,76,"[12, 12, 8, 12, 8, 12, 12]","[[-5.3154, -6.9186, -9.9455, -3.5063, -9.926, -9.1877, -5.9705, -1.4158, -5.7143, 3.2261, 0.2297, -8.1498], [4.8337, 5.9079, 9.9468, 2.1761, 0.0021, 8.1311, 0.8107, 7.4057, 9.9466, 9.1458, 5.8202, -1.2374], [3.3876, 4.9745, 1.7794, 1.0603, -2.7213, 7.1842, -3.0876, 5.2143, 1.6262, 7.0887, -1.2494, 1.4321], [-5.8076, -3.8154, 6.7736, -3.5186, 5.8205, -3.8165, -0.7143, -4.6548, 4.8932, -9.9472, -2.3743, -9.9339], [-2.3514, -1.3511, 0.1433, 9.949, 2.1554, -1.1742, 0.9124, -1.1816, 6.9061, 7.5107, -6.533, 7.2786], [5.7237, 2.8375, 1.1422, -4.9828, 5.7497, -1.7616, 9.9412, -0.4793, 1.1828, -8.7652, 9.9382, -7.6646], [-4.0756, 5.1932, 1.4741, 4.7974, -9.949, 0.7957, -1.7022, 8.0847, -9.949, 7.7317, -5.7259, -2.2269]]"
tpat_s3_S3_N6_wm1.0_wo1.0_tp40_eps0.0001_r02,Szenario_3_Final,1,abbruchkriterium,6,1221.6158752316126,925.7032851790857,293.2023586903245,2.692755130924366,0.017476231277988086,"[1, 2, 3, 4, 5, 6, 7]","[6179.69027154521, 2268.242157989346, 1463.0621096425677, 1386.991615082812, 1296.7497167850395, 1221.6158752316126, 1256.745781051041]","[189.3693, 81.1896, 125.5962, 86.3106, 155.2554, 89.211, 155.5859]",882.518,1.0,1.0,1.0,0.15,AAAABB,6,76,"[12, 12, 12, 12, 12, 16]","[[-9.9408, -8.4624, -9.9483, -2.1253, -9.9257, -9.8807, -4.9645, -5.9907, -0.273, -7.6902, -5.8186, 1.2426], [5.8687, -2.4235, 9.9487, 1.3236, 5.7712, 1.2578, 5.5767, 9.9396, 9.95, 7.3012, 1.7688, 6.7771], [-2.1055, 7.5419, -4.2649, 4.9269, 1.0126, 4.6023, -5.6441, -1.5496, -9.9443, 9.0855, -9.9487, 0.8015], [5.8326, -0.2906, 3.0182, -6.5072, 9.943, -1.5505, 5.7656, 2.1522, 9.9408, -7.7675, 1.7994, -8.068], [-3.9879, -9.9242, 1.5075, -4.6402, 6.4052, -3.615, 7.6016, -3.2175, 3.0893, -9.949, -3.6403, -4.5423], [-2.1524, -1.1515, -0.5289, 9.9494, 2.1596, -1.1507, 0.1628, 3.1797, 5.4479, 7.2183, -5.7603, 6.7652]]"
tpat_s3_S3_N6_wm1.0_wo1.0_tp15_eps0.0001_r03,Szenario_3_Final,1,abbruchkriterium,7,1245.5162779893135,912.7347701417466,329.7724052550927,2.9627854429248894,0.046317149549115755,"[1, 2, 3, 4, 5, 6, 7, 8]","[80155.3648245723, 2300.4249521466827, 1502.9468345074656, 1385.3302941957024, 1285.5656290748705, 1245.6929454084582, 1245.5162779893135, 1303.1734585186987]","[108.5502, 153.6044, 217.3764, 214.7229, 156.1012, 126.1454, 128.3555, 153.7691]",1258.6251,1.0,1.0,1.0,0.15,AAAABB,6,76,"[12, 12, 8, 12, 8, 12, 12]","[[-4.9713, -6.0231, 0.5891, -8.2031, -9.9437, -2.2422, -0.5068, -7.4086, -5.8104, 1.0606, -9.9483, -9.2999], [0.4209, 7.8213, 5.6721, -0.4924, 4.5627, 6.0481, -0.6166, 3.5094, 9.9148, 9.9098, 9.9493, 1.5], [1.749, 3.856, 0.3755, 7.7414, 1.1304, 0.6333, 3.0229, 6.3743, -2.0573, 1.6818, -3.1001, 6.5162], [5.2073, -9.9488, 6.7131, -3.5026, 2.0056, -9.9449, -2.7498, -9.9497, -2.7913, -4.5292, 5.6767, -4.0015], [4.8243, 9.9429, -5.1996, 5.9063, 1.4747, -1.2081, -2.1574, -1.1755, -4.9585, 9.9417, 5.9339, 6.4824], [9.9447, -9.8752, -1.2692, -5.0, 9.9459, -7.5629, 5.6914, 1.2267, 3.5845, -5.9684, 9.9443, -0.5982], [-9.9482, 1.1049, -3.6268, 5.6007, -5.6959, -0.0879, -5.7955, -3.1331, -9.9498, 7.6793, -1.4877, 8.4882]]"
tpat_s3_S3_N6_wm1.0_wo1.0_tp40_eps0.0001_r03,Szenario_3_Final,1,abbruchkriterium,5,1239.9925548955923,995.7249866589318,240.2717770261395,3.9957912105211393,0.0,"[1, 2, 3, 4, 5, 6]","[369377.69809709536, 2285.7660500235597, 1588.970640864659, 1360.667123135153, 1239.9925548955923, 1257.7746644496763]","[90.7975, 113.0284, 167.7063, 176.0215, 158.1926, 71.0018]",776.7481,1.0,1.0,1.0,0.15,AAAABB,6,76,"[14, 16, 16, 18, 12]","[[3.8136, 6.6888, 5.6109, -4.3087, 5.484, 1.5324, -0.8459, 5.0554, 9.9236, -0.8428, 9.944, 7.619], [2.2811, -0.5944, -3.349, 9.9464, 0.4324, 6.157, -5.4113, 6.3983, -2.1158, -0.671, 6.4088, 6.879], [-5.8391, 0.9175, -9.8761, -1.9002, -4.1307, -4.7073, 0.6414, -4.6452, -9.9481, -9.5443, -0.8541, -9.9492], [4.1031, -5.2392, 0.1427, -9.9301, 9.9227, -2.0984, -0.9507, -4.6119, 7.1945, -0.5529, 9.2781, -9.9485], [-3.9474, 5.3007, -5.7518, -0.2349, -5.0025, -4.8811, -9.9477, 1.0146, -0.9858, 9.068, -9.9496, 7.6781]]"
tpat_s3_S3_N6_wm1.0_wo1.0_tp10_eps0.0001_r04,Szenario_3_Final,1,abbruchkriterium,6,1244.2818847575948,920.261428328991,320.72952162055975,3.276531080867572,0.01440372717622999,"[1, 2, 3, 4, 5, 6, 7]","[332820.3791580235, 2459.5863384705344, 1599.783860958876, 1463.2249417769988, 1255.0400781872067, 1244.2818847575948, 1264.0356861750797]","[77.568, 65.768, 65.2489, 82.692, 103.1627, 110.0127, 140.5686]",645.0209,1.0,1.0,1.0,0.15,AAAABB,6,76,"[12, 12, 12, 12, 12, 16]","[[-9.8387, -9.7416, -9.9231, -2.6116, -9.9408, -7.9288, 0.9576, -8.503, -2.6288, -6.2944, -5.9323, 1.0992], [-0.8035, 8.8278, 4.688, 5.9841, 0.2088, 7.9071, 9.9352, 2.3226, 9.9491, 9.126, 5.7518, -1.0325], [-2.1059, 7.5244, -2.9115, 6.5017, -9.9252, 3.1286, -9.9498, -1.0932, -5.5964, -0.8588, -9.9423, 8.2889], [4.3094, -4.9074, 5.6532, 1.0787, 9.2905, 0.5398, 9.94, -9.9311, 9.9495, -5.788, 1.2851, -8.6814], [5.9758, -9.9489, -1.7631, -4.6396, -6.2045, -3.7038, 3.1381, -9.9497, 4.1856, -4.5267, -3.0579, -9.95], [0.4413, 3.0996, -0.8815, 9.9407, -2.142, -1.1125, 2.2322, -1.2347, -5.5339, 6.5146, 5.2538, 7.3674]]"
tpat_s3_S3_N6_wm1.0_wo1.0_tp30_eps0.0001_r04,Szenario_3_Final,1,abbruchkriterium,7,1230.4006249500057,902.8410217458373,324.35043861777746,3.1080057728436525,0.10115881354725667,"[1, 2, 3, 4, 5, 6, 7, 8]","[436870.3755274428, 2403.2135249644257, 1520.4026380401947, 1395.4384952224045, 1288.7309074428074, 1235.9315780289933, 1230.4006249500057, 1256.9734269062321]","[141.4417, 98.0238, 71.3601, 82.3578, 70.6727, 96.591, 102.6496, 92.7272]",755.8239,1.0,1.0,1.0,0.15,AAAABB,6,76,"[12, 12, 8, 12, 8, 12, 12]","[[-9.9269, -9.7218, -7.4837, -9.6237, -0.4335, -7.5001, -3.1161, -5.9838, -5.665, 0.9613, -9.9493, -2.7954], [3.4598, 5.9276, 6.9645, 2.9117, 9.9497, 1.2345, 5.7576, -1.6265, -0.7531, 8.8834, 9.9166, 9.6207], [0.4137, 7.7061, 1.0818, 0.6158, 3.04, 6.389, 1.8051, 3.8534, -2.0534, 1.745, -3.0995, 6.5397], [-5.8265, -3.8122, -1.8947, -4.6664, 6.2539, -3.7077, 2.8458, -4.6403, 4.0972, -9.9496, -3.2468, -9.9368], [-1.2518, -1.1241, 5.2979, 5.8002, 2.2918, -1.2404, -2.2599, -1.2461, 3.4437, 9.9495, -6.8576, 7.7524], [4.3566, -4.9021, 9.9478, -1.297, 5.668, 4.4497, 5.7923, 0.3928, 1.4849, -8.465, 9.9463, -7.5291], [-9.9209, 0.3879, -2.3298, 4.414, -9.7927, 5.8631, -9.9463, 8.6034, -5.583, -1.0386, -1.4497, 8.5631]]"
tpat_s3_S3_N6_wm1.0_wo1.0_tp10_eps0.0001_r05,Szenario_3_Final,1,abbruchkriterium,6,1250.4581999130291,935.5014850170843,311.97440539970705,2.941822662332986,0.04048683390470851,"[1, 2, 3, 4, 5, 6, 7]","[242065.8414900352, 2385.087411123468, 1521.0577311518962, 1378.5224219844301, 1275.836482300857, 1250.4581999130291, 1262.9403007212707]","[145.2334, 118.3118, 164.3038, 150.1053, 90.9924, 146.0639, 148.746]",963.7566,1.0,1.0,1.0,0.15,AAAABB,6,76,"[12, 12, 12, 12, 12, 16]","[[-9.9496, -1.8988, -2.7594, -5.8204, -4.5192, -9.8959, -0.2065, -7.6141, -5.6927, 0.5416, -9.9383, -7.6326], [9.8589, 9.8415, 9.853, 5.8524, -1.8104, 3.1208, 9.949, 1.204, 5.6733, -0.6851, 2.5553, 7.3845], [-5.5959, -0.6499, -9.9429, 5.0407, -2.2052, 7.4489, -3.7567, 5.5107, -9.9421, 8.8519, -9.949, -0.8945], [9.9425, -8.4648, 0.9284, -9.0359, 9.9414, -9.617, 5.654, 1.574, 3.8807, -5.5713, 9.9459, -1.3714], [2.632, -4.6696, 5.9928, -3.8779, -5.9076, -3.8396, -2.0553, -4.6439, -3.285, -9.9451, 4.1741, -9.9487], [5.5692, 6.1566, -2.1988, -1.0034, -0.342, 7.3625, 3.6211, 9.9297, 2.2371, 0.0241, -5.2294, 6.0833]]"
tpat_s3_S3_N6_wm1.0_wo1.0_tp30_eps0.0001_r05,Szenario_3_Final,1,abbruchkriterium,7,1223.2571240388422,903.7508885364714,316.6169436762524,2.8172576862160703,0.07203413990235198,"[1, 2, 3, 4, 5, 6, 7, 8]","[675117.2534600378, 2485.9271298299864, 1521.7180518749449, 1415.5756790656105, 1269.3738046199505, 1249.4327098882754, 1223.2571240388422, 1269.922661739058]","[67.6949, 98.1003, 112.3917, 124.4714, 104.3038, 127.1565, 98.3526, 164.1145]",896.5857,1.0,1.0,1.0,0.15,AAAABB,6,76,"[12, 12, 8, 12, 8, 12, 12]","[[0.1987, -7.9215, -5.5521, -5.6849, -5.7521, 0.663, -1.4125, -6.7011, -9.8937, -1.2021, -9.9328, -9.9246], [5.9297, 0.0815, 5.8895, -2.6159, 9.95, 2.3133, 4.7969, 6.1005, 0.6643, 7.6862, 9.9493, 9.1752], [-3.0499, 5.0862, 1.8713, 1.1271, 3.4237, 4.9983, -2.769, 7.1276, -1.166, 1.3541, 1.5698, 7.1102], [-0.1262, -4.6501, 3.8063, -4.644, 4.6743, -9.9301, 7.0009, -3.4474, -6.2776, -3.7968, -1.668, -9.9486], [-2.3484, -1.3483, 6.2895, 7.5796, 4.3961, 9.3045, -2.3022, -0.2798, -5.9366, 8.4244, 2.353, -1.3473], [5.8996, 3.1287, 9.9479, -1.5353, 5.7946, 0.2724, 3.8666, -5.5106, 9.9496, -7.8587, 1.3824, -8.5654], [-9.9424, 0.3768, -5.7884, -3.1501, -5.742, 1.3126, 1.475, 4.649, -9.9459, 7.4976, -2.2785, 7.4703]]"
tpat_s3_S3_N6_wm1.0_wo1.0_tp10_eps0.0001_r01,Szenario_3_Final,1,abbruchkriterium,7,1242.95519403288,908.2035534079691,330.45427129110305,4.240086518698565,0.05728281510925349,"[1, 2, 3, 4, 5, 6, 7, 8]","[500006.85157162586, 2480.6813823501507, 1574.2173580337571, 1415.343990963749, 1283.3428954697588, 1253.0140525978134, 1242.95519403288, 1270.1312640253661]","[143.6384, 148.5196, 152.9794, 106.0699, 88.0329, 173.3838, 180.3495, 223.98]",1216.9535,1.0,1.0,1.0,0.15,AAAABB,6,76,"[12, 12, 8, 12, 8, 12, 12]","[[-9.9473, -2.4265, -5.7944, -0.3605, -4.7679, -6.1309, -5.9682, 2.3642, 0.523, -8.284, -9.9489, -9.3592], [-0.4216, 3.2011, 5.792, -0.0716, 7.9782, 9.9158, 5.9458, -3.1341, 9.9498, 3.9057, 2.1805, 7.0908], [1.1563, 0.9762, -1.4993, 0.9885, 3.0881, 6.3728, 1.2383, 3.9123, -0.9676, 8.1428, -3.8162, 5.1552], [-1.9593, -4.618, -3.549, -9.9438, -1.7583, -9.9366, -6.2011, -3.748, 3.4698, -4.453, 5.2406, -9.9453], [-7.0884, 7.6345, -6.2626, 6.9021, -2.2633, -1.2474, 0.1906, 9.9485, 6.8951, 8.0014, 2.2494, -1.2439], [9.9454, -1.6267, 5.8396, 0.412, 6.0715, 2.5901, 4.0275, -5.3168, 9.9492, -7.779, 1.6791, -8.1711], [-2.4231, 4.4218, -9.9398, -0.9847, -9.889, 3.7749, -5.6189, -0.7788, -9.9374, 9.2845, -1.6316, 8.3622]]"
tpat_s3_S3_N6_wm1.0_wo1.0_tp30_eps0.0001_r01,Szenario_3_Final,1,abbruchkriterium,6,1268.6139837991361,934.8827264528211,330.333096273459,3.3692243224325695,0.0289367504235463,"[1, 2, 3, 4, 5, 6, 7]","[91016.74593095112, 2361.3772133515763, 1467.732261157757, 1448.902362678617, 1291.948923026685, 1268.6139837991361, 1284.3538091291434]","[87.4268, 135.8698, 114.8077, 111.2498, 224.9879, 181.377, 184.2527]",1039.9717,1.0,1.0,1.0,0.15,AAAABB,6,76,"[12, 12, 12, 12, 12, 16]","[[-4.8973, -5.8981, -9.9496, -8.5477, -9.9467, -9.8169, -9.9478, -2.3601, 0.228, -8.0883, -5.7892, 1.1908], [9.9372, 9.3647, 7.9188, 9.762, 9.9472, 0.4514, 9.9409, 4.5081, 5.6435, -0.0456, 1.6652, 6.8778], [-5.6055, -0.0071, -9.9388, 8.4302, -9.934, 4.8224, -9.8371, 9.7027, -2.886, 6.7132, -9.9428, -0.9899], [5.8054, 1.2636, 0.8781, -9.1653, 9.9032, -9.92, 9.9185, 0.7039, 4.3784, -4.9851, 9.9466, -5.7915], [1.5259, -9.9484, -5.5682, -9.9106, 5.8002, -3.8274, -4.1224, -9.9149, 5.577, -9.9306, -1.1082, -4.4794], [2.1522, -1.1525, -2.1708, -1.1531, 0.0251, 3.1947, -0.1132, 9.9483, -5.6353, 6.9575, 5.6392, 7.0398]]"
tpat_s3_S3_N6_wm1.0_wo1.0_tp10_eps0.0001_r02,Szenario_3_Final,1,abbruchkriterium,7,1241.5632953612624,912.8387333366823,324.5528602669406,3.862479357686042,0.30922239995348844,"[1, 2, 3, 4, 5, 6, 7, 8]","[393833.98702946724, 2501.480848234352, 1521.2877843149504, 1353.997994838894, 1265.9465369583238, 1260.0972523520418, 1241.5632953612624, 1287.6985794644077]","[142.9591, 146.7954, 165.4455, 111.397, 117.9748, 155.8026, 92.4933, 98.31]",1031.1777,1.0,1.0,1.0,0.15,AAAABB,6,76,"[12, 12, 8, 12, 8, 12, 12]","[[0.6833, -8.309, -9.9288, -2.39, -4.9186, -6.0274, -0.1544, -7.7025, -5.7962, 0.9909, -9.9431, -9.2584], [5.0449, 4.9767, 0.0132, 8.1108, 1.0081, 7.3012, 5.7313, -1.4378, 9.9447, 1.5551, 9.9344, 9.9415], [1.8141, 0.9316, -1.2736, 8.209, 0.4689, 3.5425, -1.25, 0.7504, 2.8581, 6.4933, -3.4692, 5.6137], [-5.567, -4.7439, 5.812, -3.8113, -3.1155, -9.9418, 6.7583, -3.5067, -1.0828, -4.5348, 3.3879, -9.946], [-4.3808, 9.4532, 2.3036, -0.2229, -6.589, 7.2544, 2.282, -1.255, 5.7779, 8.4379, -2.3805, -1.3498], [5.6912, 2.4579, 2.3088, -7.3011, 0.4893, -5.4053, 5.6224, -2.95, 9.9496, -0.1262, 9.9479, -8.3453], [-9.9497, 0.2782, 0.2966, 4.5174, -5.7916, -3.192, -5.7541, 0.9239, -9.9488, 7.3641, -2.3796, 7.3738]]"
tpat_s3_S3_N6_wm1.0_wo1.0_tp30_eps0.0001_r02,Szenario_3_Final,1,abbruchkriterium,5,1289.2841126452217,1038.2465934793447,246.94424937089804,4.093269794978899,0.0,"[1, 2, 3, 4, 5, 6]","[8478.676608145366, 2302.6534163849437, 1610.323370411783, 1380.3220448475074, 1289.2841126452217, 1295.0933457413678]","[145.1093, 124.9239, 148.1289, 151.8319, 97.6051, 114.6317]",782.2308,1.0,1.0,1.0,0.15,AAAABB,6,76,"[14, 16, 16, 18, 12]","[[9.9056, 4.9391, 9.92, 9.4978, -1.1893, 3.1112, 5.5315, -2.2583, 3.8957, 6.6518, 9.9414, -0.9608], [-4.2951, 5.1183, 3.8686, 6.8244, -2.2696, -0.2488, 5.7783, 8.6668, 2.2466, 0.2586, -2.9314, 8.8896], [-6.1564, -9.645, -5.7544, 3.0506, -5.5997, -1.1631, -1.3711, -9.9471, -0.1916, -4.5627, -9.948, -3.5954], [2.411, -4.7706, 0.7655, -9.9477, -1.9131, -4.7255, 6.8009, -1.0014, 9.8964, -1.4554, 8.336, -9.9488], [-1.7042, 8.0186, -5.6665, -1.4686, -4.2413, 4.9354, 0.9131, 4.6046, -9.9412, 9.0966, -9.9481, 0.8145]]"
tpat_s3_S3_N6_wm1.0_wo1.0_tp10_eps0.0001_r03,Szenario_3_Final,1,abbruchkriterium,7,1228.4947204974574,890.4648862946054,334.47882348418415,3.3262561216316864,0.22475459703626666,"[1, 2, 3, 4, 5, 6, 7, 8]","[507366.8317034712, 2429.622935733146, 1554.9876320710416, 1399.5841291406434, 1268.4880231767854, 1234.0414299538002, 1228.4947204974574, 1268.3020848965548]","[120.1888, 114.6434, 128.1847, 170.4552, 161.0934, 183.5807, 233.8679, 146.8612]",1258.8753,1.0,1.0,1.0,0.15,AAAABB,6,76,"[12, 12, 8, 12, 8, 12, 12]","[[-7.5271, 1.8857, -9.9474, -3.1811, -4.5738, -5.8383, -5.7544, 0.1217, 0.3333, -8.1797, -9.9477, -9.7575], [0.5727, 7.7054, 9.9439, 2.246, -0.3825, 8.4049, 4.7664, 5.6488, 9.949, 9.1104, 5.7915, -1.3283], [3.5381, 5.5613, -2.0085, 4.1685, -3.2015, 6.7804, -1.6703, 0.8469, 1.1809, 7.4327, 1.7337, 1.4628], [-3.3157, -9.9448, 7.5212, -3.204, 5.8078, -3.8042, -5.8282, -4.4822, -1.0717, -4.5021, 3.162, -9.9492], [2.1874, -1.0941, -6.9993, 7.5031, -2.3429, -1.346, -2.1585, -0.4609, 6.2226, 7.4418, -3.9684, 9.9333], [5.7191, 1.2012, 9.9421, -2.5855, 9.9349, 1.268, 1.4138, -8.4309, 3.8775, -5.5646, 9.9483, -8.9437], [-9.9498, 3.8032, -9.9395, -0.6066, -5.6603, 1.3863, -5.7444, -2.5608, -9.9494, 8.8636, -2.2797, 7.4644]]"
tpat_s3_S3_N6_wm1.0_wo1.0_tp30_eps0.0001_r03,Szenario_3_Final,1,abbruchkriterium,6,1239.4403185851133,938.0091918317836,299.0341054970476,2.3863277204485667,0.010693535833678706,"[1, 2, 3, 4, 5, 6, 7]","[5834.254997551695, 2408.855319649383, 1484.2527882498598, 1367.7812151061544, 1262.2687901246286, 1239.4403185851133, 1262.1549392241707]","[121.5346, 199.3548, 120.3815, 244.0062, 176.8026, 135.9114, 90.5209]",1088.512,1.0,1.0,1.0,0.15,AAAABB,6,76,"[12, 12, 12, 12, 12, 16]","[[-3.188, -5.7072, -9.9328, -4.0833, -9.9417, -0.5588, -0.7789, -7.334, -9.3949, -9.5692, -5.7162, 1.5722], [-0.7285, 8.8151, 4.6821, 5.9687, 0.2018, 7.9091, 9.9492, 2.2154, 5.7559, -1.1152, 9.9475, 9.0518], [-9.9427, 0.087, -9.9477, 4.9608, 0.91, 4.6031, -9.9439, 9.0407, -5.6332, -1.3892, -2.8485, 6.8756], [5.821, 3.1223, 9.9499, -1.363, 5.8166, 0.2604, 3.9608, -5.4031, 1.7788, -8.0867, 9.9499, -7.6242], [-3.0385, -9.9181, 5.9501, -3.8293, -6.0345, -3.8397, 7.8612, -3.1249, -0.8303, -4.545, 3.4025, -9.9451], [-7.2233, 4.5031, 2.2122, -0.3394, -1.9541, 3.8155, -2.1811, -1.1505, -2.414, 9.9499, 5.3858, 6.2201]]"
tpat_s3_S3_N6_wm1.0_wo1.0_tp15_eps0.0001_r04,Szenario_3_Final,1,abbruchkriterium,7,1254.0120051436822,901.3002621276116,349.0690112779309,3.6416761389005154,0.001055599239224549,"[1, 2, 3, 4, 5, 6, 7, 8]","[8906.037540755795, 2287.0546482745995, 1459.6325472167673, 1424.608168334498, 1281.7819773771612, 1262.909997534282, 1254.0120051436822, 1311.9678679889]","[76.2443, 83.9062, 114.5305, 118.9719, 112.0666, 169.1848, 88.8551, 116.3621]",880.1215,1.0,1.0,1.0,0.15,AAAABB,6,76,"[12, 12, 8, 12, 8, 12, 12]","[[-9.9468, -1.8488, -5.9497, -5.6542, -9.9488, -8.4893, -9.9425, -9.9196, -5.7558, 1.3208, -0.6627, -7.3997], [9.7846, 5.9607, -0.672, 3.3701, 9.9361, 9.7555, 9.9499, 1.2562, 2.4592, 7.4766, 5.6658, -0.6187], [3.0122, 6.7214, -2.024, 2.8136, -3.7736, 5.7024, -0.3477, 0.3996, 2.0976, 3.018, -1.0423, 7.6198], [-5.9054, -3.8615, -4.3506, -4.5887, 0.0915, -4.6233, 4.7431, -9.9393, 6.1763, -3.8216, -0.9786, -9.9424], [4.4365, 9.9143, -6.8359, 7.4317, -5.6702, 6.4098, -3.5132, 9.9265, -0.0934, -1.2805, 6.7263, 7.1249], [5.7675, 3.1751, 1.8004, -7.9045, 5.6131, -0.7683, 3.5035, -5.9266, 9.9497, -1.1724, 9.9485, -8.3378], [-9.9495, 3.2687, -3.3113, 6.0469, -9.95, -0.8432, -1.731, 8.0317, -9.9433, 8.7629, -5.5895, -0.5983]]"
tpat_s3_S3_N6_wm1.0_wo1.0_tp5_eps0.0001_r05,Szenario_3_Final,1,abbruchkriterium,5,1245.5010426303202,1006.347652221636,235.63884005949245,3.5145503491917873,0.0,"[1, 2, 3, 4, 5, 6]","[5898.6367919862705, 2581.1864168378943, 2019.3361136583849, 1469.867522885851, 1245.5010426303202, 1277.6305738342555]","[93.2354, 86.6798, 70.215, 77.4503, 137.2934, 154.7969]",619.6708,1.0,1.0,1.0,0.15,AAAABB,6,76,"[14, 16, 16, 18, 12]","[[5.5066, 0.3513, 9.0138, 8.093, 5.604, -4.6851, 0.175, 3.4217, 3.0986, 8.2451, 9.9491, 1.8906], [-2.2605, 0.3963, -2.3828, 5.9934, -6.3955, 7.0024, 0.4896, 9.9498, 2.0429, -0.911, 5.479, 6.5811], [0.9415, -4.7261, -5.6741, 0.6094, -3.5282, -5.2188, -1.1936, -9.9085, -9.9493, -1.4422, -9.631, -9.9316], [-2.5639, -4.8619, 1.289, -4.6311, 9.5324, -8.4939, 5.6964, -0.0974, 8.9787, -1.8886, 3.2717, -9.9489], [-9.9373, 1.1539, -5.7542, -3.1039, -4.2052, 4.9216, -5.748, -0.8104, -1.4818, 8.4787, -9.9489, 7.673]]"
tpat_s3_S3_N6_wm1.0_wo1.0_tp15_eps0.0001_r05,Szenario_3_Final,1,abbruchkriterium,6,1261.7790989450932,950.5930874021906,307.2807609011834,3.6670228803472185,0.23822776137190543,"[1, 2, 3, 4, 5, 6, 7]","[134872.49996662603, 2403.577884626312, 1543.2142074319718, 1384.6972865874257, 1331.7147703907326, 1261.7790989450932, 1267.5643448647515]","[77.4125, 167.4888, 137.1338, 118.0219, 191.8342, 118.5002, 117.5518]",927.9432,1.0,1.0,1.0,0.15,AAAABB,6,76,"[12, 12, 12, 12, 12, 16]","[[-9.9476, -0.9816, -6.9727, -9.5849, -9.936, -4.483, -9.9362, -8.9079, -1.768, -6.6232, -5.6475, 0.3809], [9.9337, 9.7548, -0.4288, 3.2256, 6.8897, 6.5708, 9.9488, 2.1864, 5.6859, -1.2925, 0.6657, 7.8053], [-7.7485, 9.0412, -3.4065, 5.9283, -9.9378, -0.4333, -2.1199, 7.5108, -9.9471, 5.3551, -5.6429, -0.9473], [9.9443, 1.3545, -1.7564, -5.2995, 9.9346, -2.9051, 5.7077, 0.7886, 3.3774, -6.1672, 9.9479, -9.3872], [-2.9597, -9.9089, 4.9205, -9.9456, 2.1649, -9.9231, -6.0153, -3.8697, 7.0415, -3.501, -0.7775, -4.5489], [1.4679, -1.1083, 2.3222, -1.2499, -5.0167, 7.7958, -0.1891, 8.7876, 5.3459, 6.4768, -2.4135, 1.9789]]"
tpat_s3_S3_N6_wm1.0_wo1.0_tp5_eps0.0001_r06,Szenario_3_Final,1,abbruchkriterium,3,1473.855824915573,1324.8920312521414,144.01257039938463,4.951223264047118,0.0,"[1, 2, 3, 4]","[113779.53748267151, 2481.053265064724, 1473.855824915573, 1520.271732934859]","[107.9531, 72.1694, 75.8251, 92.1288]",348.0764,1.0,1.0,1.0,0.15,AAAABB,6,76,"[28, 24, 24]","[[5.7902, 0.2536, -1.7678, 3.0108, 8.1374, 5.0532, 1.8055, 0.005, 3.4935, 9.9479, -6.32, 7.0751], [9.9445, -6.281, 6.0061, -3.519, -1.4569, -4.5556, 9.9024, 1.15, 5.1008, 4.5376, 2.8006, -9.928], [-5.3118, 4.8742, -3.4021, -9.1146, -0.2316, -4.7061, -5.4126, -1.7574, -9.9493, 0.1223, -9.9251, -8.1811]]"
tpat_s3_S3_N6_wm1.0_wo1.0_tp15_eps0.0001_r01,Szenario_3_Final,1,abbruchkriterium,7,1234.3309511023979,892.7635557823648,338.3229493595589,3.2103039863025384,0.034141974171517105,"[1, 2, 3, 4, 5, 6, 7, 8]","[96757.33069955253, 2250.478437148593, 1478.2620888443166, 1437.9982825226812, 1266.0917366476544, 1254.010074141861, 1234.3309511023979, 1281.5754161524014]","[86.0082, 176.2608, 161.9432, 166.2869, 138.0194, 200.3736, 179.596, 215.6132]",1324.1013,1.0,1.0,1.0,0.15,AAAABB,6,76,"[12, 12, 8, 12, 8, 12, 12]","[[-8.7721, -9.0915, -3.4466, -6.1595, -0.2237, -7.6139, -9.815, -9.941, -9.9486, -2.4398, -5.6722, 0.7736], [9.9497, 2.2622, 5.8779, -2.4834, 4.5773, 6.0391, 5.8557, 0.2495, -0.2354, 8.3785, 9.9475, 9.1236], [3.2506, 6.073, 1.0962, 0.8458, 0.9589, 3.809, -1.7509, 1.1046, -3.7052, 5.5685, -0.2908, 8.3011], [-2.7569, -9.944, 6.1047, -3.706, -5.8465, -3.8448, -4.1222, -9.9492, 0.3698, -4.4947, 4.5316, -9.9483], [5.7972, 6.2017, -0.4493, 9.9421, 6.248, 7.6644, 2.2443, -1.2468, -6.9958, 7.693, -2.2501, -1.2423], [9.811, -1.2435, 1.2042, -8.6159, 5.7361, 2.7095, 5.7639, -0.9715, 9.9492, -7.6293, 2.0788, -7.7686], [-5.7164, -2.7793, -5.7831, -1.2961, -4.0106, 5.1104, -9.9385, 1.3095, -9.9446, 7.6893, -2.1792, 7.5713]]"
tpat_s3_S3_N6_wm1.0_wo1.0_tp40_eps0.0001_r01,Szenario_3_Final,1,abbruchkriterium,6,1243.2330300724095,949.8405219635831,290.547819213032,2.844688895794655,0.0,"[1, 2, 3, 4, 5, 6, 7]","[8463.083608315992, 2353.623522350881, 1629.603096015966, 1362.4035401090912, 1278.9821436681311, 1243.2330300724095, 1256.1709967747267]","[175.2444, 140.9817, 86.5306, 229.8364, 87.1283, 85.8835, 93.9904]",899.5953,1.0,1.0,1.0,0.15,AAAABB,6,76,"[12, 12, 12, 12, 12, 16]","[[-4.7739, -6.1382, -5.9332, 2.2998, -5.8553, -0.2308, -9.9483, -2.4446, 0.5367, -8.2805, -9.9494, -9.3501], [6.9822, 6.5353, 9.9496, 9.809, 9.9494, 2.3183, -0.4362, 3.2282, 0.8726, 7.5052, 5.7145, -1.396], [-1.7108, 8.023, -3.8239, 5.4414, -8.7058, 9.2296, 1.3358, 4.6299, -5.6512, -2.3622, -9.949, 2.6249], [4.4793, -6.0009, 9.9494, -2.7071, 9.949, -7.561, 5.7091, -0.0222, 1.4776, -8.465, 5.6681, 3.3987], [4.9336, -9.9243, -3.0534, -4.6426, -5.9539, -3.8049, 1.3665, -4.571, 6.7905, -3.6144, -1.1163, -9.9489], [-3.9989, 4.9001, 1.9413, 4.7939, -2.12, -0.2984, 2.083, -0.9483, -3.455, 9.9493, 6.4255, 8.1687]]"
tpat_s3_S3_N6_wm1.0_wo1.0_tp5_eps0.0001_r02,Szenario_3_Final,1,abbruchkriterium,6,1267.7321866606096,969.3021523765037,294.81701389871444,3.6130203853914016,0.0,"[1, 2, 3, 4, 5, 6, 7]","[993624.3607566631, 2571.7290023601618, 1485.237198504099, 1412.467798177955, 1276.8041095761737, 1267.7321866606096, 1268.5632325000427]","[17.9319, 156.6937, 85.634, 189.195, 104.1884, 99.3167, 154.1518]",807.1115,1.0,1.0,1.0,0.15,AAAABB,6,76,"[12, 12, 12, 12, 12, 16]","[[-9.9486, 0.3711, -0.608, -7.3339, -9.9318, -3.9178, -3.4608, -6.7004, -5.6546, 0.0652, -9.9473, -9.5349], [9.9466, 2.7161, 0.8134, 7.4127, -1.412, 3.0391, 9.9473, 6.5966, 4.5916, 8.644, 5.6345, -0.8085], [-9.936, 6.6779, -6.0771, 7.1298, -9.9466, 0.4662, -1.7243, 8.0255, -5.563, -1.3491, 1.1869, 4.7025], [9.949, 1.9977, 3.034, -6.5726, 0.298, -6.881, 9.9483, -2.2447, 5.5466, -0.0748, 9.9417, -8.3533], [0.5644, -4.6677, -5.8901, -3.8055, -3.4339, -4.7588, -3.1763, -9.9465, 5.8599, -3.8965, 3.0937, -9.9473], [1.1904, 0.3245, -3.6836, 4.8103, -2.0338, -1.0132, -6.0957, 6.7054, -0.3185, 9.9497, 4.8308, 5.601]]"
tpat_s3_S3_N6_wm1.0_wo1.0_tp20_eps0.0001_r02,Szenario_3_Final,1,abbruchkriterium,6,1251.120122902089,945.3810174856033,302.4883484592582,3.2507569572275004,0.0,"[1, 2, 3, 4, 5, 6, 7]","[237997.33805415567, 2540.5053429596555, 1478.4984547458223, 1397.9041329333068, 1286.3376650075286, 1251.120122902089, 1285.3710083136498]","[121.1964, 97.001, 91.021, 84.2549, 178.4425, 154.6534, 138.7576]",865.3268,1.0,1.0,1.0,0.15,AAAABB,6,76,"[12, 12, 12, 12, 12, 16]","[[-0.6014, -7.3007, -5.6821, 0.8673, -3.0148, -9.0028, -4.0123, -4.8026, -9.9473, -9.681, -9.9432, -1.9269], [9.9496, 8.227, 9.9269, 2.1502, 9.9212, 9.876, 4.708, 5.8866, 0.1663, 8.0882, 5.7294, -1.1729], [-5.6764, -1.361, -9.9454, 0.4908, -1.3677, 9.8394, -4.1611, 5.0076, -9.9455, 8.0631, -0.7203, 4.5549], [1.1128, -8.7075, 3.8615, -5.5109, 9.9458, -1.5471, 2.2078, -7.4533, 5.732, 1.6804, 9.9481, -7.5869], [6.7415, -3.5038, -0.3405, -4.5452, -2.9989, -9.9275, 4.3738, -4.6605, -5.6785, -4.0004, 2.6408, -9.9484], [2.8388, 6.7858, 6.7826, 7.0063, -4.3931, 5.2019, 2.2295, 1.5613, -3.8357, 9.7553, -2.2506, -1.2489]]"
tpat_s3_S3_N6_wm1.0_wo1.0_tp5_eps0.0001_r03,Szenario_3_Final,1,abbruchkriterium,6,1240.0078821726524,933.5955392046881,302.71979565010184,3.692547317862517,0.0,"[1, 2, 3, 4, 5, 6, 7]","[507391.93242055055, 2428.6187366943514, 1411.5024128243738, 1401.439251684443, 1246.4403232107813, 1240.0078821726524, 1271.0111603789412]","[105.5874, 98.7923, 140.7896, 78.1961, 81.3716, 89.9264, 153.6644]",748.3278,1.0,1.0,1.0,0.15,AAAABB,6,76,"[12, 12, 12, 12, 12, 16]","[[-6.0823, 0.001, -4.8367, -6.0891, -9.9461, -2.5251, -5.8693, 1.871, -9.9487, -9.4013, -0.0608, -7.8825], [9.942, 0.0209, 9.9443, 9.9411, 5.8413, -2.4234, 5.8707, 2.2822, 1.4003, 7.2197, 9.9476, 7.3671], [0.8938, 4.6126, -9.9497, 8.9727, -9.9382, 5.2084, -9.95, 0.1265, -2.661, 7.068, -5.6401, -1.1771], [5.6544, 2.5636, 5.663, -3.1726, -0.6524, -4.7046, 2.6005, -6.9042, 9.9028, -8.8828, 9.9477, -0.2632], [3.0088, -4.6492, -4.4041, -9.9361, -1.9667, -9.9298, 6.4588, -3.6003, 4.2503, -9.9494, -3.0752, -4.5173], [4.1, 4.8276, -2.1575, -1.0973, -2.0353, 4.4204, 2.1197, -0.328, -6.1551, 8.186, 3.3306, 9.9481]]"
tpat_s3_S3_N6_wm1.0_wo1.0_tp20_eps0.0001_r03,Szenario_3_Final,1,abbruchkriterium,7,1267.3882576750466,930.8252254712847,333.7094345713037,2.82481217247233,0.028785459985913937,"[1, 2, 3, 4, 5, 6, 7, 8]","[761778.7515854767, 2348.548856981365, 1517.3725669415371, 1427.8880923508127, 1294.637397314674, 1277.9999625295825, 1267.3882576750466, 1313.2822255148783]","[158.9437, 174.9979, 149.1249, 135.8871, 133.0478, 117.9464, 139.1694, 206.8223]",1215.9395,1.0,1.0,1.0,0.15,AAAABB,6,76,"[12, 12, 8, 12, 8, 12, 12]","[[-9.9479, -1.8133, -9.948, -6.3232, -8.6944, -9.9396, 1.5213, -4.9577, -2.3565, -6.8649, -5.7204, 0.8965], [5.1321, 5.1031, -0.0708, 8.21, 0.8124, 7.4041, 5.682, -1.178, 9.949, 1.4467, 9.9362, 9.9088], [-0.9195, 0.5513, 3.3516, 6.3249, -3.4853, 6.3454, -2.0014, 3.547, 2.0559, 2.24, 0.0487, 7.6489], [-2.8431, -4.6508, -2.7865, -9.9453, 1.3298, -4.6558, -5.796, -4.1725, 3.4179, -9.9495, 6.5926, -3.7083], [-7.0463, 7.6004, -2.1477, -1.1588, 4.3652, 9.9492, 1.1191, -1.1279, 6.8281, 7.1927, -5.2716, 9.9469], [9.9382, 1.948, 5.5711, 0.6723, 7.2933, -9.9434, 3.6094, -5.8098, 9.9468, -4.8019, -0.4826, -4.8659], [-9.9368, 1.0133, -5.8032, -2.8256, -5.74, 0.3248, -3.4359, 5.9127, -1.8846, 7.9875, -9.9431, 7.8945]]"
tpat_s3_S3_N6_wm1.0_wo1.0_tp5_eps0.0001_r04,Szenario_3_Final,1,abbruchkriterium,6,1250.7021412647905,942.7035426283145,304.70174930757577,3.296849328900504,0.0,"[1, 2, 3, 4, 5, 6, 7]","[137962.35575086664, 2309.336797563999, 1504.629149337429, 1411.1976065512574, 1351.7737946277357, 1250.7021412647905, 1251.1135799529252]","[86.654, 215.1286, 156.9218, 122.2243, 98.0671, 102.3359, 95.697]",877.0287,1.0,1.0,1.0,0.15,AAAABB,6,76,"[12, 12, 12, 12, 12, 16]","[[-5.0195, -6.179, -9.9446, -9.8574, -9.9472, -8.2517, -9.943, -2.1676, 0.1285, -7.9916, -5.7703, 1.0641], [4.5751, 5.7373, 9.9411, 9.7735, 9.9422, 8.2543, 9.9368, 2.3112, 5.7846, -1.1945, -0.0268, 8.278], [0.7403, 0.9127, -9.9494, 0.8139, -5.709, -1.4802, -4.3206, 4.8041, -9.9496, 7.9399, -0.8029, 9.3953], [5.789, 3.37, 5.7061, -1.0045, 1.6091, -4.7638, 9.9484, -0.6861, 9.95, -7.3949, 1.6972, -8.1775], [6.1133, -3.7002, 4.9715, -9.9485, 3.9246, -4.6692, -6.5932, -6.2078, -2.1558, -4.5048, -0.8151, -9.9496], [1.103, 6.2388, -5.1979, 5.9004, -2.2522, 0.8683, -3.0763, 9.9488, 6.7364, 7.6472, 2.1674, -1.1513]]"
tpat_s3_S3_N6_wm1.0_wo1.0_tp20_eps0.0001_r04,Szenario_3_Final,1,abbruchkriterium,7,1243.439017664769,897.3828764217708,342.8257288163868,3.2302680054616406,0.00014442114994072506,"[1, 2, 3, 4, 5, 6, 7, 8]","[107647.89668529667, 2828.3595961579463, 1508.0656433224117, 1424.617350491225, 1262.1194428889803, 1257.5567114838245, 1243.439017664769, 1279.1026662326785]","[101.609, 89.2001, 78.6126, 71.3214, 73.7177, 71.2462, 68.8537, 69.6106]",624.1713,1.0,1.0,1.0,0.15,AAAABB,6,76,"[12, 12, 8, 12, 8, 12, 12]","[[-5.9976, 2.6063, -9.9465, -3.0431, -6.7458, -0.6194, 0.6102, -8.3931, -2.4478, -6.2226, -9.9187, -9.3429], [5.7826, 2.4445, -0.6117, 3.2008, 5.82, -2.5839, 9.9477, 1.0614, 9.9483, 8.2554, 1.8007, 8.0477], [0.8351, 0.5202, 3.2456, 6.2203, -3.5845, 6.4158, 1.9875, 3.4879, -0.2195, 7.6397, -2.0823, 2.2905], [6.1609, -3.7135, 2.9681, -4.6509, -3.8555, -9.9394, -1.6286, -9.9381, 4.846, -9.9462, -3.172, -4.5532], [6.4521, 8.7382, -2.2636, -1.2494, 0.2451, 9.9487, 7.2512, 7.5003, 2.2487, -1.2575, -6.8046, 7.4766], [5.8106, -0.4981, 5.7798, 2.8431, 9.9435, -1.3235, 0.9072, -9.0244, 2.6834, -6.9643, 9.9468, -7.6257], [-9.946, 0.8486, -4.0744, 5.1164, -9.921, 8.7385, -9.9416, 6.157, -5.5601, -1.819, -1.7083, 8.3393]]"
tpat_s3_S3_N6_wm1.0_wo1.0_tp40_eps0.0001_r04,Szenario_3_Final,1,abbruchkriterium,6,1233.430160940159,918.9642662601635,312.1588058824783,2.307088797517231,0.0,"[1, 2, 3, 4, 5, 6, 7]","[89896.34810956889, 2313.0893439030906, 1519.168454799963, 1405.5556653662684, 1274.316447836529, 1233.430160940159, 1258.6768621858894]","[92.7142, 87.7453, 110.9413, 106.0653, 82.919, 186.7726, 134.4486]",801.6063,1.0,1.0,1.0,0.15,AAAABB,6,76,"[12, 12, 12, 12, 12, 16]","[[-4.8179, -5.9335, -9.8551, -9.9475, -9.9425, -8.4257, -9.9265, -2.4385, -5.7746, 1.1238, 0.1295, -7.9991], [9.2971, 9.9283, 9.9167, 2.193, 9.9458, 7.5704, 4.6397, 5.4151, 0.7916, 7.5901, 5.772, -1.4385], [-2.114, 7.5004, -3.63, 5.6019, -9.9469, 4.8717, -5.5816, -0.3059, -9.9493, 9.5516, -9.9473, -0.7928], [4.0246, -5.317, 5.7834, 2.7261, 5.8284, 0.2691, 9.9493, -1.4138, 1.196, -8.7779, 9.949, -7.7687], [-6.9384, -3.5057, -3.5726, -4.641, 5.1144, -9.9353, 1.1263, -4.6757, 6.1423, -3.799, -1.1466, -9.9444], [3.5917, 9.9462, 0.6744, 6.5139, -2.2414, 0.398, 5.6995, 6.1035, 2.067, -1.0547, -5.7819, 6.7739]]"
tpat_s3_S3_N6_wm1.0_wo1.0_tp20_eps0.0001_r05,Szenario_3_Final,1,abbruchkriterium,6,1235.2784438530252,943.2244340156112,289.2455286586753,2.7918629790163636,0.016618199722355995,"[1, 2, 3, 4, 5, 6, 7]","[5867.36717973639, 2397.32992710647, 1549.5575100374726, 1433.8629400179484, 1307.784370129816, 1235.2784438530252, 1266.1310948560638]","[141.0775, 135.1253, 92.7979, 71.2112, 69.6344, 182.5148, 126.072]",818.4331,1.0,1.0,1.0,0.15,AAAABB,6,76,"[12, 12, 12, 12, 12, 16]","[[-0.6836, -9.6181, -5.8134, 0.5047, -9.9203, 0.5219, -9.8792, -4.0652, -3.061, -5.5829, -9.9422, -9.9412], [0.4672, 3.534, -0.0725, 8.2049, 5.6745, -0.4789, 4.6204, 6.1977, 9.9437, 9.9414, 9.9493, 1.4533], [-9.9486, 0.1622, 0.0974, 4.5011, -5.7504, 1.0282, -5.7557, -3.168, -2.1028, 7.7627, -9.9495, 7.2725], [9.828, -9.9362, 8.4795, 1.3437, 5.684, 0.7218, 2.1041, -7.5761, 9.9478, -4.8533, 2.9778, -6.6675], [-1.2711, -4.6419, -5.889, -3.8813, -2.9253, -9.9479, 0.1738, -4.5521, 3.8322, -9.9428, 5.906, -3.9034], [-2.1504, -1.1499, 2.1517, -1.1488, 0.1451, 3.233, -0.5189, 9.9494, -5.79, 6.7609, 5.4315, 7.2223]]"
tpat_s3_S3_N6_wm1.0_wo1.0_tp40_eps0.0001_r05,Szenario_3_Final,1,abbruchkriterium,7,1248.7508360152563,909.855165983498,335.0092025590909,3.842608233257761,0.04385923940949938,"[1, 2, 3, 4, 5, 6, 7, 8]","[112856.11617206299, 2292.770264481753, 1526.4697060132717, 1351.4710628069379, 1269.7554781415777, 1252.657846967682, 1248.7508360152563, 1267.4026099324933]","[91.5885, 94.3567, 106.9762, 94.8509, 90.0402, 86.7348, 93.7135, 165.7372]",823.998,1.0,1.0,1.0,0.15,AAAABB,6,76,"[12, 12, 8, 12, 8, 12, 12]","[[-5.7049, -1.8639, -0.2034, -7.6046, -5.7657, 2.4917, -3.3811, -6.6391, -9.8432, -9.4217, -9.9482, -1.7504], [9.9496, 2.7894, 1.2565, 3.6018, 5.7317, 0.7624, 8.3875, -2.4349, 1.7894, 7.3526, 9.9497, 8.897], [-0.0571, 0.3552, -0.6826, 7.9003, -2.0032, 2.1796, 2.7465, 6.928, 2.0788, 3.3663, -3.2734, 5.9733], [-6.5375, -3.6026, -1.6659, -4.6377, -4.3639, -9.9441, 6.7585, -9.9451, 4.4719, -4.5222, 0.8314, -9.9484], [6.3958, 6.7002, -0.1749, 9.949, 2.259, -1.2484, 6.8405, 7.7515, -2.2516, -1.2485, -6.9541, 8.0314], [5.7762, 3.2903, 4.1051, -5.2209, 5.7613, 0.0234, 9.9494, -1.3673, 9.9488, -7.6129, 1.0922, -8.886], [0.3802, 5.3396, -2.8209, 6.6046, -9.9492, 0.0766, -2.0462, 9.8457, -5.5893, -0.4449, -9.9454, 6.98]]"
