# Szenario Szenario_3_Final, Task -, K = 5, C_ges = 1246.01, w_move = 1.0, w_obs = 1.0
gruppe,x,y,z,yaw
1,7.5500,-1.1000,6.2500,2.9969
1,7.5500,-1.1000,8.7500,2.9969
1,7.1969,4.9250,1.2500,-2.5415
1,7.1969,4.9250,3.7500,-2.5415
1,7.1969,4.9250,6.2500,-2.5415
1,7.1969,4.9250,8.7500,-2.5415
1,7.5500,1.9500,1.2500,-2.8888
1,7.5500,1.9500,3.7500,-2.8888
1,7.5500,1.9500,6.2500,-2.8888
1,7.5500,1.9500,8.7500,-2.8888
1,4.9048,6.4629,1.2500,-2.2200
1,4.9048,6.4629,3.7500,-2.2200
1,4.9048,6.4629,6.2500,-2.2200
1,4.9048,6.4629,8.7500,-2.2200
2,0.0000,1.4385,1.2500,-1.5708
2,0.0000,1.4385,3.7500,-1.5708
2,0.0000,1.4385,6.2500,-1.5708
2,0.0000,1.4385,8.7500,-1.5708
2,2.0403,6.1081,1.2500,-1.8932
2,2.0403,6.1081,3.7500,-1.8932
2,2.0403,6.1081,6.2500,-1.8932
2,2.0403,6.1081,8.7500,-1.8932
2,-2.3333,6.2389,1.2500,-1.2129
2,-2.3333,6.2389,3.7500,-1.2129
2,-2.3333,6.2389,6.2500,-1.2129
2,-2.3333,6.2389,8.7500,-1.2129
2,-0.0107,4.0500,1.2500,-1.5682
2,-0.0107,4.0500,3.7500,-1.5682
2,-0.0107,4.0500,6.2500,-1.5682
2,-0.0107,4.0500,8.7500,-1.5682
3,-7.5500,-2.1500,1.2500,0.2774
3,-7.5500,-2.1500,3.7500,0.2774
3,-7.5500,-2.1500,6.2500,0.2774
3,-7.5500,-2.1500,8.7500,0.2774
3,-5.0500,-6.4700,1.2500,0.9080
3,-5.0500,-6.4700,3.7500,0.9080
3,-5.0500,-6.4700,6.2500,0.9080
3,-5.0500,-6.4700,8.7500,0.9080
3,-2.1000,-6.5500,1.2500,1.2605
3,-2.1000,-6.5500,3.7500,1.2605
3,-2.1000,-6.5500,6.2500,1.2605
3,-2.1000,-6.5500,8.7500,1.2605
3,-7.1767,-4.9400,1.2500,0.6029
3,-7.1767,-4.9400,3.7500,0.6029
3,-7.1767,-4.9400,6.2500,0.6029
3,-7.1767,-4.9400,8.7500,0.6029
4,7.5500,-1.1000,1.2500,2.9969
4,7.5500,-1.1000,3.7500,2.9969
4,0.8500,-6.5500,1.2500,1.6998
4,0.8500,-6.5500,3.7500,1.6998
4,0.8500,-6.5500,6.2500,1.6998
4,0.8500,-6.5500,8.7500,1.6998
4,6.2000,-6.1464,1.2500,2.3605
4,6.2000,-6.1464,3.7500,2.3605
4,6.2000,-6.1464,6.2500,2.3605
4,6.2000,-6.1464,8.7500,2.3605
4,3.6500,-6.5500,1.2500,2.0792
4,3.6500,-6.5500,3.7500,2.0792
4,3.6500,-6.5500,6.2500,2.0792
4,3.6500,-6.5500,8.7500,2.0792
4,7.4948,-4.0121,1.2500,2.6501
4,7.4948,-4.0121,3.7500,2.6501
4,7.4948,-4.0121,6.2500,2.6501
4,7.4948,-4.0121,8.7500,2.6501
5,-7.4379,3.8955,1.2500,-0.4825
5,-7.4379,3.8955,3.7500,-0.4825
5,-7.4379,3.8955,6.2500,-0.4825
5,-7.4379,3.8955,8.7500,-0.4825
5,-5.6129,6.2300,1.2500,-0.8375
5,-5.6129,6.2300,3.7500,-0.8375
5,-5.6129,6.2300,6.2500,-0.8375
5,-5.6129,6.2300,8.7500,-0.8375
5,-7.5500,0.8000,1.2500,-0.1056
5,-7.5500,0.8000,3.7500,-0.1056
5,-7.5500,0.8000,6.2500,-0.1056
5,-7.5500,0.8000,8.7500,-0.1056
