x,y,z,yaw
3.3850,-3.5550,1.2500,2.3317
0,0,0,3.75
3.3850,-3.5550,6.2500,2.3317
3.3850,-3.5550,8.7500,2.3317
-3.2771,3.5110,1.2500,-0.8198
-3.2771,3.5110,3.7500,-0.8198
-3.2771,3.5110,6.2500,-0.8198
-3.2771,3.5110,8.7500,-0.8198
1.7204,4.3630,1.2500,-1.9464
1.7204,4.3630,3.7500,-1.9464
1.7204,4.3630,6.2500,-1.9464
1.7204,4.3630,8.7500,-1.9464
-1.6259,-4.4019,1.2500,1.2170
-1.6259,-4.4019,3.7500,1.2170
-1.6259,-4.4019,6.2500,1.2170
-1.6259,-4.4019,8.7500,1.2170
4.4920,1.1660,1.2500,-2.8876
4.4920,1.1660,3.7500,-2.8876
4.4920,1.1660,6.2500,-2.8876
4.4920,1.1660,8.7500,-2.8876
-4.4657,-1.2108,1.2500,0.2648
-4.4657,-1.2108,3.7500,0.2648
-4.4657,-1.2108,6.2500,0.2648
-4.4657,-1.2108,8.7500,0.2648
